"node","sum","dy","height","rectWidth","EngName","dx","color"
"興",116,126,111.100482160077,30,"Inspiration",700,"#B2B3B7"
"觀",98,267.100482160077,93.8607521697204,30,"Reflection",700,"#B2B3B7"
"群",18,390.961234329797,17.2397299903568,30,"Communication",700,"#B2B3B7"
"怨",73,438.200964320154,69.9166827386692,30,"Complaint",700,"#B2B3B7"
