"section","n","a1","a2","opacity","cx","cy"
"周",31,0,2.43473430653209,0.5,133.631562258611,463.75
"商",5,2.43473430653209,2.82743338823081,0.114814814814815,133.631562258611,463.75
"鲁",4,2.82743338823081,3.14159265358979,0.1,133.631562258611,463.75
