"section","n","a1","a2","opacity","cx","cy"
"小雅",74,0,2.21407482252995,0.6,93.4092353078923,117.21875
"大雅",31,2.21407482252995,3.14159265358979,0.3,93.4092353078923,117.21875
